case_id,parent_hash
case_001,95b5a8c51fa0d395b82edc15f5a2252e299771c8
case_002,dbe579e620ef0f53db490ec79a8566e4ea8918ac
case_003,1ca40b243277c9e88be5e00bd3e083f71aefb93e
case_004,733a1b310297e4e17f801d440881f5998847dc48
case_005,94d286fa5eedc550d42bcb9c85416af8f77736ff
case_006,57b0ac5e1b46f1f0338dff392ef2092e2871b412
case_007,70d86e355c564b5510fde61361df014f5476c83e
case_008,9e6bf146b55999a095bb14f73a843942456d1adc
case_009,60412bdd1b2576659eac23a23d2d9ff96228a643
case_010,4b5a574e033e66d2131eff1c18feef8d8643c67e
case_011,e6856af8a22a8e2cd18241a465ed00c2301b3a5e
case_012,719d3932b8f6e3348ce2f0ac58e278301fc17575
case_013,0d64bc200ebe4f275b27438c6e593903e0b16fe1
case_014,13da856c86fb8c2ccab95034fd77da1bb2c2a17c
case_015,964f870e090e9c88a41e2890333421204cc0bdf4
case_016,672f0f3b8f875ffe6525a37847eafa7648c4c0c6
case_017,f504118252af7be07039cdc1643a5c5f5dab4dd0
case_018,eb34e243df57e32f4c08fa191f3602ea19076276
case_019,3e4e2ea2a781018ed5d75f969e3e5606beb66e48
case_020,834918a77be51419383bf1dda9f02b81ecf26b34
case_021,5dd4773dbc25eb2c17d701f79ddb71b402ddbf1f
case_022,255cc1d30f32a44248c6c52f48310194052a41d7
case_023,f1ac94dd959c33599284dcc2a2b44665c0480c01
case_024,6ed94070c36057570e956bc1890cad6b460efca1
case_025,e27c17346628cb56843a83f93ac63c314c00f388
case_026,9aab1c3d7299285e2569cbc0ed5892d631a241b2
case_027,03275e4bb7333de80d3e7e44795fd18a9a205729
case_028,751206294527e48d431da66f4b9a5011eeaedfaf
case_029,5401fb4fe10fac6134c308495df18ed74aebb9c4
case_030,210ac54bdd8df35c03276cd6ab06ea96b54593a3
case_031,106d594711e97762788046c5bbb94f580abc4bf4
case_032,ad0057fb91218914d6c98268718ceb9d59b388e1
case_033,fdc5471f28ab0f502e57444f76c953b6d023ad5a
case_034,dcb89deed40ba55ff7020061712fdabf098cc2cc
case_035,07fa25957a18cff13f1943ecd213c88c0878b968
case_036,dfe950d9464cad609f3b118c6203e2708055bc61
case_037,c716a59e9977d751e5eb54bcfa6a80124cb5067b
case_038,562357a6310f79e45844c3e980d410a1e8e02ce6
case_039,2c5507010fc3b8e2bd596c63c88f6ad39a69b1c4
case_040,1f379216ccc882bf0a1e8aeb5b7ff5a4c0e3a027
case_041,d6696ce7201b586197637dae3d050cd395c2c238
case_042,6561afc38398e3518a29c5eebb975c30468f98a6
case_043,4913c94a3adcdbb64c552110c0c243cb1fdbb317
case_044,2365343f4aad3e1b1e7a2e87e98cf66d5e590589
case_045,23bf7d5c250bd91f715713bf23904eaab4e6617e
case_046,2c93efe747a8f40f71f8198f271ca8c093c00e27
case_047,5b9e84d27e310f22c4ba45fedbc4f5baf43dd823
case_048,f119b238b1a0b2cb866bb755f25ea3c1b082885e
case_049,58433885ee99e8c96757e82ccf6d50646c4dfe09
case_050,820fd80cc1211ec8075cf7bb5610142a32b80bad
case_051,8015a49d8b33f2b1fb191017055ce3de933d547a
case_052,32e50f92c7cf3f4eba29622179a5fcdc2aebab41
case_053,96d4f399ef2592f9036950c3314556c5ffc156f0
case_054,263e28add4f4472cfa95150d218955d1945aa413
case_055,744629904c68bde847c31819f23482d09152f810
case_056,ac8e69e693631689d74d8f1ebee6f84f737f797f
case_057,cdfe3c9f2c9e28a8651ee463c88ad191ced2f840
case_058,117b499eee015f8fae534c5bf5f9a3e2e0e3e43f
case_059,4b8dba4527727623a97948aff9f0969a14c203a9
case_060,15bdd0eaaf927c70f92e84280cb4268576f8e81a
case_061,c75f8ce4baa29ae57fe615c6a2c5101f59b8b89a
case_062,8c795012d0e06b7740e40319b86ff8d2a435098d
case_063,7ba17e6bc3b1a44c0a8d3c58efdaa5f804b76723
case_064,59b145771c7982cfe9020d4e9e22da92d6b5ae31
case_065,a6dea58d8625c06b9654c0555f101742481335c3
case_066,aec2f682d47c54ef434b2d440992626d80b1ebdc
case_067,93bfac936c7295f355f9dc5ca56ae850c0106db7
case_068,8dfd3d8d74435344ee8dc9237596959c8b2a6cbe
case_069,097409d20465723283632515df73038a4a853eda
case_070,74e144274af39935b0f410c0ee4d2b91c3730414
case_071,2454bd74cb989365edda476c4bd1c4e90eacf568
case_072,f98446e91ce93f97df7da704c894b3987d9b46cb
case_073,1778a64f9bea4173f8eb3767d6f385c51fd09bf8
case_074,3104a3f40feb107f77d7116ad9bf6c210ab7babf
case_075,a782576e28ea35157f4cf97e723ea53c0ecbd6d5
case_076,25484c39d1ec82a0368798d956da3de5039b3fe8
case_077,099494e4499dcbc54c4e44354c65d881aaf3678a
case_078,b0332428a8d4cf93752eda9e2b0d5585525e689f
case_079,9a9a284a81f2dc1e6215266a25975492b43455ff
case_080,b166453d8d015df38eddcb147de64cbb07544531
case_081,7ee03fe551a76964c7c3e4ccf0c999463361e7d3
case_082,86ab00cf81d44b675bb23db62b88fd76c8ac8cea
case_083,f1caff3335ea6eab88cdc84ec8f2e3c45ca05486
case_084,c73370c677646e86fc4b1780fb07027bdf847375
case_085,8d4c475852778c293d5d57349a5c61e61a2561a6
case_086,c7575306c03dc5de7b00151f26744ef39b6a5a47
case_087,d41020725194995ca9dc39fbd233ea243627488d
case_088,00703b96d7eb08bacefae5248639079b83c2863d
case_089,71c52da13c3737493b42d20d9f33de34e03b3156
case_090,e47b0056a08dc70430ffc44bbf62197e7d1ff8ea
case_091,392cc1d8408b5665215c1e9290bbf0f92339b043
case_092,9c3936515a523406410279e0c9c05a26eeb0cf81
case_093,a086857d078a48bd9e33a5dfc713f8f46d5a78f3
case_094,2398e497389ed4be43f7cfbab499b49cec7dae1a
case_095,9e19f817940113ecfe33b1f1440407c826586b5c
case_096,4a4fedb8a523e35d2ad80637bae85de3ee56646b
case_097,36bdc0e815b4e8a05b9028d8ef8a25e1ead35cc1
case_098,1a4b802afe15c5b33b2dcb37a594aba2fa215d52
case_099,9ee53ecadeb5f0b413e1430404fb1b228db5eb95
case_100,50334a05a950840b39a1ce3d2a173b4183db9b3e
case_101,7c58c55a2a16f7274772507bd1637be609351b4f
case_102,355e9f2b2a7887ca38100127989af3e422ba71d0
case_103,7f2fcff15e99bb852f6967396ed12b38376e2c8d
case_104,4c788c6f921b22f9b6c3f316c4a071c05683e7de
case_105,cd83c9bef0eb8c34630a8c2b2bd5cdc03a07252c
case_106,62f327e287cf7b595ae3f73ba72f5cd2a9e9f39f
case_107,686a6b305ec810ee1016e52c6941f33aed9a65d9
case_108,3a967c498baa976b11d4800dda224c507416e97c
case_109,187c8be0c48fb803ac1579d3b7962afc2e7e81f6
case_110,adef6c3d069837c7a77546c9eff8c82848719f22
case_111,656121b155030086b01cfce9bd31b0c925ee6860
case_112,941d7394efda5e054e2d6f3e0dd0f6a9ba19aaa3
case_113,acc76b97902757b63ba5136f787d107647236a19
case_114,ae24cc724e6d4f5de3b970166f7aff66fb79a35e
case_115,2b192ad757c30e99a3dec3dd9b99687afd9c8204
case_116,3eb6e087e36a615f89cc5322d69915c08ed5257b
case_117,b315b033a877b1ee6d827810b5d7bb4392ffcf8d
case_118,a07d741c077d4e34b16458241a94d29039386553
case_119,bcbbdae1b88fb646e4009c465e557a4613f0e002
case_120,b6ff71c5d1d4ad858ddf6f39394d169c96689596
case_121,7a754bf28ed0bf59f02a5f8546511d86e9bfdb98
case_122,6bf7e2affc6e62da7add393d7f352d4040f5bc27
case_123,6de23f81a5e08be8fbf5e8d7e9febc72a5b5f27f
case_124,7aaa8047eafd0bd628065b15757d9b48c5f9c07d
case_125,906035d5c3784570191d259cbf9a0ac1617852b5
case_126,516a758b58242c7a6a954ef1a7a32bd9c328d327
case_127,120149fb3ebcf674832ca3cafd32bedcdb686dde
case_128,ab269990ed58143a92a263be1bee626d82ac03da
case_129,5b848c029e3475a6b9933dc7ddfe0d150831a158
case_130,2a3f3ed9e198ae23c15859ace2f9ca6cfdc35b57
case_131,8eb62f5adc12b124004a7d6c0eafcb541ed569dd
case_132,52e9f1d64b4351c6a6f194a0201268ae72bf5b9c
case_133,e43ffb69e0438cddd72aaa30898b4dc446f664f8
case_134,254f49634ee16a731174d2ae34bc50bd5f45e731
case_135,91fb41218c413989d8b6c837748751454b452d68
case_136,aa181287ebdcc53ee0ba5c2f8243e2d541ebc19b
case_137,9ebb7eba1237dc198768b9c76506a79f924c82bb
case_138,62bd09e23a23da70f9aae02748eba3e6bd93095d
case_139,899ee91156e57784090c5565e4f31bd7dbffbc5a
case_140,f8ab60ae9309e76d9a09c601c10cc222e25b3d5b
case_141,d9d021218162b6c4fe0bdf42b2b340f1aae23a12
case_142,4277759906b44d923a38c8f59f5576501b187b0d
case_143,b0bd35535bdb6f58505f3a30ee5793986943997a
case_144,2edb8aeb3cdda9d00ec4997252dc5bcd6f54d8ef
case_145,8def8fbd23f40e945febe913d04b731012ce0082
case_146,5d1d590e2f306443b2e22bbe0134bbb74d80fc45
case_147,f0706740ec35e1fc88f5e5c67e9651f2fcc2a6ee
case_148,1ec8fc63e9cdb22da54e48e536c9204020416fc6
