case_id,repository_local_path,target_files
case_001,materialized/case_001,kernel/bpf/task_iter.c
case_002,materialized/case_002,drivers/power/supply/rt9455_charger.c
case_003,materialized/case_003,net/ipv4/inet_fragment.c;net/ipv4/ip_fragment.c
case_004,materialized/case_004,net/ipv6/icmp.c
case_005,materialized/case_005,drivers/tee/optee/supp.c
case_006,materialized/case_006,include/net/netfilter/nf_queue.h;net/netfilter/nf_queue.c;net/netfilter/nfnetlink_queue.c
case_007,materialized/case_007,sound/core/timer.c
case_008,materialized/case_008,drivers/net/usb/rtl8150.c
case_009,materialized/case_009,net/netfilter/nft_tunnel.c
case_010,materialized/case_010,drivers/net/ethernet/mediatek/mtk_eth_soc.c
case_011,materialized/case_011,drivers/net/wireless/mediatek/mt76/mt7996/init.c
case_012,materialized/case_012,net/nfc/hci/llc_shdlc.c
case_013,materialized/case_013,drivers/block/zram/zram_drv.c
case_014,materialized/case_014,include/net/act_api.h;net/sched/act_api.c
case_015,materialized/case_015,drivers/net/wireless/mediatek/mt76/mt7915/init.c
case_016,materialized/case_016,net/qrtr/af_qrtr.c
case_017,materialized/case_017,net/core/gro.c
case_018,materialized/case_018,drivers/of/unittest.c
case_019,materialized/case_019,fs/smb/server/smb2pdu.c
case_020,materialized/case_020,arch/powerpc/mm/pgtable-frag.c
case_021,materialized/case_021,net/xfrm/xfrm_policy.c
case_022,materialized/case_022,drivers/net/wireless/realtek/rtlwifi/pci.c
case_023,materialized/case_023,drivers/mtd/devices/docg3.c
case_024,materialized/case_024,drivers/spi/spi-topcliff-pch.c
case_025,materialized/case_025,net/xfrm/xfrm_iptfs.c
case_026,materialized/case_026,drivers/net/ethernet/intel/ice/ice_txrx.c
case_027,materialized/case_027,drivers/net/ethernet/airoha/airoha_eth.c
case_028,materialized/case_028,net/smc/af_smc.c
case_029,materialized/case_029,drivers/misc/fastrpc.c
case_030,materialized/case_030,net/phonet/pn_dev.c
case_031,materialized/case_031,drivers/bus/fsl-mc/fsl-mc-bus.c;drivers/vfio/fsl-mc/vfio_fsl_mc.c;include/linux/fsl/mc.h
case_032,materialized/case_032,fs/smb/server/auth.c
case_033,materialized/case_033,drivers/nvmem/core.c
case_034,materialized/case_034,kernel/fork.c
case_035,materialized/case_035,drivers/crypto/hisilicon/sec2/sec_crypto.c
case_036,materialized/case_036,drivers/platform/x86/wmi.c;include/linux/wmi.h
case_037,materialized/case_037,net/ipv4/inet_connection_sock.c
case_038,materialized/case_038,drivers/power/supply/pm8916_lbc.c
case_039,materialized/case_039,drivers/vdpa/vdpa.c;include/linux/vdpa.h
case_040,materialized/case_040,drivers/net/ethernet/freescale/enetc/ntmp.c;drivers/net/ethernet/freescale/enetc/ntmp_private.h;include/linux/fsl/ntmp.h
case_041,materialized/case_041,drivers/staging/greybus/raw.c
case_042,materialized/case_042,fs/mbcache.c
case_043,materialized/case_043,net/unix/af_unix.c
case_044,materialized/case_044,drivers/net/ethernet/ibm/emac/core.c
case_045,materialized/case_045,net/ipv6/anycast.c
case_046,materialized/case_046,drivers/mailbox/mailbox-test.c
case_047,materialized/case_047,drivers/pinctrl/pinctrl-k230.c
case_048,materialized/case_048,kernel/bpf/verifier.c
case_049,materialized/case_049,drivers/gpio/gpiolib-cdev.c
case_050,materialized/case_050,drivers/firmware/stratix10-rsu.c
case_051,materialized/case_051,drivers/media/platform/renesas/vsp1/vsp1_drv.c
case_052,materialized/case_052,net/netfilter/nfnetlink_osf.c
case_053,materialized/case_053,drivers/net/wireless/mediatek/mt76/mt7925/mac.c
case_054,materialized/case_054,drivers/spi/spi-wpcm-fiu.c
case_055,materialized/case_055,drivers/gpu/drm/sun4i/sun4i_backend.c
case_056,materialized/case_056,kernel/sched/core.c
case_057,materialized/case_057,drivers/iommu/iommu.c
case_058,materialized/case_058,drivers/gpu/drm/amd/display/amdgpu_dm/amdgpu_dm_debugfs.c
case_059,materialized/case_059,drivers/md/dm-cache-target.c
case_060,materialized/case_060,drivers/gpu/drm/amd/ras/rascore/ras_core.c
case_061,materialized/case_061,net/core/bpf_sk_storage.c
case_062,materialized/case_062,net/smc/smc_tracepoint.h
case_063,materialized/case_063,fs/iomap/buffered-io.c
case_064,materialized/case_064,drivers/net/vrf.c
case_065,materialized/case_065,drivers/iommu/intel/iommu.c
case_066,materialized/case_066,drivers/crypto/inside-secure/eip93/eip93-common.c
case_067,materialized/case_067,sound/core/pcm_native.c
case_068,materialized/case_068,drivers/iommu/amd/iommu.c
case_069,materialized/case_069,drivers/net/ethernet/intel/ice/ice_ethtool.c
case_070,materialized/case_070,kernel/locking/rtmutex.c;kernel/locking/rtmutex_api.c
case_071,materialized/case_071,drivers/gpu/drm/imagination/pvr_fw_trace.c
case_072,materialized/case_072,drivers/bluetooth/hci_ldisc.c
case_073,materialized/case_073,drivers/gpu/drm/amd/display/amdgpu_dm/amdgpu_dm_irq.c
case_074,materialized/case_074,drivers/usb/typec/mux/ps883x.c
case_075,materialized/case_075,drivers/gpu/drm/amd/ras/rascore/ras_core.c
case_076,materialized/case_076,drivers/net/wireless/broadcom/brcm80211/brcmfmac/chip.c
case_077,materialized/case_077,drivers/usb/typec/tipd/core.c
case_078,materialized/case_078,drivers/net/wireless/mediatek/mt76/mt7925/mac.c
case_079,materialized/case_079,drivers/gpu/drm/bridge/cadence/cdns-mhdp8546-core.c;drivers/gpu/drm/bridge/cadence/cdns-mhdp8546-core.h;drivers/gpu/drm/bridge/cadence/cdns-mhdp8546-hdcp.c
case_080,materialized/case_080,drivers/net/ethernet/intel/ice/ice_vf_lib.c
case_081,materialized/case_081,net/batman-adv/bat_v_ogm.c
case_082,materialized/case_082,fs/smb/server/oplock.c
case_083,materialized/case_083,drivers/resctrl/mpam_devices.c
case_084,materialized/case_084,fs/btrfs/disk-io.c;fs/btrfs/transaction.c
case_085,materialized/case_085,drivers/reset/amlogic/reset-meson.c
case_086,materialized/case_086,drivers/net/ethernet/airoha/airoha_eth.c
case_087,materialized/case_087,net/bridge/netfilter/ebt_dnat.c;net/bridge/netfilter/ebt_redirect.c;net/netfilter/nfnetlink_log.c;net/netfilter/nfnetlink_queue.c
case_088,materialized/case_088,drivers/misc/fastrpc.c
case_089,materialized/case_089,drivers/gpio/gpio-mvebu.c
case_090,materialized/case_090,drivers/gpu/drm/amd/amdkfd/kfd_device_queue_manager.c
case_091,materialized/case_091,net/netfilter/nf_conntrack_sip.c;net/netfilter/nf_nat_sip.c
case_092,materialized/case_092,fs/smb/server/smb2pdu.c
case_093,materialized/case_093,drivers/net/wireless/ath/ath11k/mac.c
case_094,materialized/case_094,drivers/net/ethernet/mellanox/mlx5/core/en/xdp.c
case_095,materialized/case_095,block/blk-zoned.c
case_096,materialized/case_096,kernel/bpf/bpf_local_storage.c
case_097,materialized/case_097,net/vmw_vsock/virtio_transport_common.c
case_098,materialized/case_098,drivers/net/wireless/mediatek/mt76/dma.c
case_099,materialized/case_099,drivers/gpu/drm/v3d/v3d_sched.c
case_100,materialized/case_100,net/ipv4/netfilter/nft_fib_ipv4.c;net/ipv6/netfilter/nft_fib_ipv6.c;net/netfilter/nft_fib.c
case_101,materialized/case_101,ipc/util.c
case_102,materialized/case_102,drivers/net/tap.c
case_103,materialized/case_103,drivers/ptp/ptp_ocp.c
case_104,materialized/case_104,drivers/md/dm-cache-metadata.c
case_105,materialized/case_105,drivers/net/ethernet/broadcom/genet/bcmgenet.c
case_106,materialized/case_106,net/devlink/core.c
case_107,materialized/case_107,sound/soc/sti/uniperif_player.c
case_108,materialized/case_108,net/wireless/scan.c
case_109,materialized/case_109,drivers/cpufreq/amd-pstate.c
case_110,materialized/case_110,net/vmw_vsock/vmci_transport.c
case_111,materialized/case_111,include/net/sch_generic.h
case_112,materialized/case_112,net/bridge/netfilter/nft_meta_bridge.c
case_113,materialized/case_113,net/tls/tls.h;net/tls/tls_strp.c;net/tls/tls_sw.c
case_114,materialized/case_114,net/netfilter/nfnetlink_osf.c
case_115,materialized/case_115,drivers/staging/rtl8723bs/core/rtw_mlme.c
case_116,materialized/case_116,security/integrity/ima/ima_fs.c
case_117,materialized/case_117,arch/s390/kvm/interrupt.c;arch/s390/kvm/pci.c
case_118,materialized/case_118,net/bluetooth/mgmt.c
case_119,materialized/case_119,net/ceph/osdmap.c
case_120,materialized/case_120,drivers/soc/tegra/cbb/tegra234-cbb.c
case_121,materialized/case_121,net/sctp/diag.c
case_122,materialized/case_122,drivers/accel/ethosu/ethosu_gem.c
case_123,materialized/case_123,drivers/clk/microchip/clk-mpfs-ccc.c
case_124,materialized/case_124,kernel/bpf/hashtab.c
case_125,materialized/case_125,drivers/thunderbolt/xdomain.c
case_126,materialized/case_126,net/bridge/netfilter/ebtables.c
case_127,materialized/case_127,drivers/net/wireless/ath/ath5k/base.c
case_128,materialized/case_128,drivers/net/ethernet/mellanox/mlx5/core/eswitch.c;drivers/net/ethernet/mellanox/mlx5/core/vport.c;include/linux/mlx5/vport.h
case_129,materialized/case_129,fs/smb/client/smb2file.c
case_130,materialized/case_130,net/bluetooth/rfcomm/core.c
case_131,materialized/case_131,drivers/gpu/drm/amd/display/dc/resource/dcn315/dcn315_resource.c;drivers/gpu/drm/amd/display/dc/resource/dcn316/dcn316_resource.c;drivers/gpu/drm/amd/display/dc/resource/dcn32/dcn32_resource.c;drivers/gpu/drm/amd/display/dc/resource/dcn321/dcn321_resource.c;drivers/gpu/drm/amd/display/dc/resource/dcn35/dcn35_resource.c;drivers/gpu/drm/amd/display/dc/resource/dcn351/dcn351_resource.c
case_132,materialized/case_132,net/core/filter.c
case_133,materialized/case_133,drivers/usb/serial/io_ti.c
case_134,materialized/case_134,mm/vmalloc.c
case_135,materialized/case_135,drivers/gpu/drm/amd/display/dc/bios/bios_parser2.c
case_136,materialized/case_136,drivers/infiniband/core/uverbs_std_types_dmah.c
case_137,materialized/case_137,fs/ceph/xattr.c
case_138,materialized/case_138,drivers/gpu/drm/amd/amdkfd/kfd_mqd_manager_v11.c
case_139,materialized/case_139,net/sctp/sm_make_chunk.c
case_140,materialized/case_140,drivers/accel/ivpu/ivpu_fw_log.c
case_141,materialized/case_141,drivers/accel/ethosu/ethosu_gem.c
case_142,materialized/case_142,net/bluetooth/hci_sync.c
case_143,materialized/case_143,drivers/md/dm-log.c
case_144,materialized/case_144,net/batman-adv/fragmentation.c;net/batman-adv/types.h
case_145,materialized/case_145,net/netfilter/nf_nat_amanda.c;net/netfilter/nf_nat_sip.c
case_146,materialized/case_146,drivers/usb/serial/kl5kusb105.c
case_147,materialized/case_147,fs/adfs/super.c
case_148,materialized/case_148,net/xfrm/espintcp.c
